{
  "version": 1,
  "author": "Promit Sengupta",
  "editor": "wokwi",
  "parts": [
    { "type": "wokwi-esp32-devkit-v1", "id": "esp", "top": -24.66, "left": -68.67, "attrs": {} },
    {
      "type": "board-ssd1306",
      "id": "oled1",
      "top": 139.02,
      "left": 111.18,
      "attrs": { "i2cAddress": "0x3c" }
    }
  ],
  "connections": [
    [ "esp:TX0", "$serialMonitor:RX", "", [] ],
    [ "esp:RX0", "$serialMonitor:TX", "", [] ],
    [ "oled1:GND", "esp:GND.1", "black", [ "v0" ] ],
    [ "oled1:VCC", "esp:3V3", "red", [ "v0" ] ],
    [ "oled1:SCL", "esp:D22", "green", [ "v0" ] ],
    [ "oled1:SDA", "esp:D21", "green", [ "v0" ] ]
  ],
  "dependencies": {}
}